customer_id,android_id,trans_time,user_uuid,user_uuid_id
4368397,1305624a094f76f6,2020-09-20 10:30:13,U20032910266QCW,0
4273449,f4fcc9de28187dd1,2020-09-15 14:40:02,U2007251004PX73,1
4367058,59408d28eefd64a7,2020-09-11 15:10:23,U2009030325MEDZ,2
4294901,f6dc0227ddb7e62e,2020-09-11 19:45:04,U2008080217IQIN,3
3896949,09a9904cb55a89ba,2020-09-14 14:55:06,U2002240714V1YK,4
4382317,e2a25023bf90621a,2020-09-16 18:25:10,U2009080833ZOPX,5
4370622,0ae52fabb0e6e68f,2020-09-14 05:10:02,U2009040856KMQN,6
4375515,c1e01de544d20774,2020-09-12 11:50:15,U2009051137ZB11,7
4383017,692fb49896786007,2020-09-20 12:00:11,U2009080109R25B,8
4392388,2a5279c58edafe07,2020-09-14 13:00:19,U2009130813FKYS,9
4355456,713268e650c9353b,2020-09-08 15:15:04,U20082909598A2T,10
4382757,8e27e1c86312fdcf,2020-09-18 07:50:10,U2009081135VB1L,11
4065243,cf208876a13f4b43,2020-09-15 15:20:23,U2003251018QVCF,12
4385888,3b4a16d90684f628,2020-09-15 13:05:55,U2009090233RKBD,13
4094834,30e71b583d5cfe21,2020-09-09 13:10:21,U200331101762RS,14
4384422,423e0b773dced41a,2020-09-19 15:25:09,U2009090153KSMI,15
4356907,01a2a9774eea163e,2020-09-07 13:35:08,U200830124901QH,16
4349811,fb31f9003e4362c7,2020-09-11 16:05:12,U20082701262S6O,17
4372202,a1c2cb2d52852450,2020-09-17 18:20:06,U2009040531BHFE,18
3579757,98ecdbb6f1044946,2020-09-11 11:05:15,U1912261114UO4K,19
4289176,195138103fc9fba7,2020-09-16 11:55:25,85366489118,20
4289176,195138103fc9fba7,2020-09-16 11:55:25,U20080506531H0C,21
4349713,1ec991453a67b4ba,2020-09-11 16:20:08,U2008261157YFFM,22
4314505,8908fc5aac53e06b,2020-09-10 10:40:18,U2008150339CDYD,23
4369538,3b2a010f77a27642,2020-09-11 08:40:18,U2009030849GTZL,24
4363151,dca3c5190a3e9561,2020-09-15 12:15:15,U200901070618I0,25
4369576,7fe3283fbdb1a221,2020-09-19 21:10:13,U2009030910YRGG,26
4366517,db384a89d210836b,2020-09-18 16:55:09,U20090209562VX6,27
4375794,dcc536b41c7a1dc3,2020-09-06 20:40:05,U2009060522QKNO,28
1326245,5bb861d393c07518,2020-09-22 13:25:07,U18032012080PWV,29
1725164,8872318c536e039e,2020-09-16 06:55:08,U1806170938NRPE,30
714950,15f343749665c745,2020-09-11 11:55:12,U1801050847ZZBS,31
3908398,69fb4d4c1ecb68a5,2020-09-18 03:00:06,U2002261254ACWM,32
2448525,a6ba071fd8205448,2020-09-08 07:30:02,U18102903303HFD,33
4356316,e1e440522b8e0355,2020-09-14 10:05:28,U2008290420S8HF,34
4386922,fd0647771e30ebf2,2020-09-22 18:40:10,U2009090848RCG8,35
4371795,196e22d93a4bc3fa,2020-09-04 16:25:29,U2009040322PEHM,36
4346339,21050cde6c061edc,2020-09-14 15:30:33,U2008251045NSOT,37
4404407,35ef806981be26a2,2020-09-21 16:35:13,U2009191222NQTY,38
4386371,c2616e0ee18620b4,2020-09-18 10:15:13,U20090905000EHY,39
4360534,d3f94d942d5dfc09,2020-09-21 11:05:09,U2008310458CLBZ,40
4283502,b9c5c4fe74d008f8,2020-09-23 07:45:05,U2007310446J1AP,41
4043599,afe0585e42316f95,2020-09-11 11:25:37,U2003211208IDXM,42
4285247,467509ac5e30d0f9,2020-09-20 07:55:13,U2008010614TOSM,43
4390934,48c42d01e8c70a0c,2020-09-15 09:25:19,U2009120854Z9ZR,44
4350124,86e881581d47a7ef,2020-09-01 13:45:20,U2008270747GUY0,45
4361479,5821ade855f73fd9,2020-09-10 11:40:14,U2009010644VQXM,46
4402364,a30cb62c9f73b55a,2020-09-19 13:50:16,U2009180405X11W,47
4218165,15c568c2dc52b104,2020-09-15 17:55:05,U2006160808UJEW,48
4390719,281ca1e9d264de22,2020-09-13 11:25:13,U2009120241CMRE,49
4362282,09c7c5f189cd9b6f,2020-09-10 11:55:29,U2009010123EKTX,50
4308014,33939539073e0e80,2020-09-11 06:55:10,U2008130719IKTW,51
4360770,38b5dbabb9ba4cac,2020-09-02 09:55:28,U2008310655QF0H,52
4384053,a4ea8dd87c6a746e,2020-09-21 20:40:13,U2009080837XPS7,53
3914795,e421dae5117a39db,2020-09-13 09:40:14,U2002270149ESKT,54
4358257,1da24a8b3cb4858a,2020-09-01 10:50:35,U2008300404WGO1,55
4390056,c633887531b9f83c,2020-09-15 11:40:09,U20091103196TVD,56
4379799,bbfe61c9a86023f0,2020-09-19 14:55:02,U2009070102SBVR,57
4374400,85c8d17d04b13a97,2020-09-13 21:30:08,U2009050131W0TZ,58
4050715,9a0bfce25acbf2e7,2020-09-19 16:55:07,U2003221006ZJEV,59
4336213,21dcc10b3fa84f70,2020-09-12 21:15:08,U2008221019VTJR,60
4386838,e10f458faa121180,2020-09-12 11:55:20,U200909080092KP,61
4298111,2a7039e590eb9a15,2020-09-16 15:55:25,U2008090120TWNE,62
4378015,2ac7d31601f50108,2020-09-07 14:50:14,U2009060954I44R,63
4017443,b08324edae20289a,2020-09-03 09:40:34,U2003160429ASC0,64
4230439,f5e05399fe64828c,2020-09-14 05:01:13,U2006271104NMJ4,65
630407,05cdc3107dc0fe8c,2020-09-08 11:35:14,U1712260756EEEG,66
4196989,612d600336d302e9,2020-09-21 17:35:09,U2005180442OCXE,67
4371567,8c974f59c298f8c2,2020-09-15 11:45:02,U2009040225NTMX,68
2991304,c7046a5d0052f277,2020-09-18 18:20:08,U1903091146UNNR,69
4403335,6c7e2aad24ff899e,2020-09-18 17:25:10,U2008160228QIHJ,70
242672,9d9650b145ba49ec,2020-09-17 21:20:07,U1710010828VSQ3,71
4381497,fb63ac2f82c2c74d,2020-09-21 06:00:01,U2009071005LCWP,72
4362977,5f251db80dc10094,2020-09-04 11:25:12,U2009010553WR0K,73
4363039,00ebf18d80cd19ed,2020-09-05 12:10:19,U2009010621XMMH,74
4391250,285efae6dc0187ea,2020-09-20 15:10:16,U200912123728VU,75
2046006,697bec8da81a5547,2020-09-11 16:00:21,U18081909580UUU,76
4352288,f09958e3e49b9421,2020-09-16 20:40:03,U2008270911JBFV,77
4358490,13b939d9fba200ee,2020-09-18 16:35:10,U20083006019ZUH,78
4378128,a0ca97e7e68edacb,2020-09-10 13:15:05,U2009061107YRXK,79
4387045,92e80840f46dcc6e,2020-09-23 07:45:21,U2009090949DA7S,80
4372852,20e461cd7f23fa5a,2020-09-13 20:35:03,U2009040945LIHI,81
4349603,39698ccea0251007,2020-09-09 16:45:07,U2008261050RZZG,82
4373926,c8abac8bfe7438e7,2020-09-06 15:50:17,U2009051024T6OJ,83
4347228,89d2799a352e2a80,2020-09-17 05:01:48,U2008260940OPOQ,84
2221725,dcfd539e01815f09,2020-09-21 05:01:02,U1809200801UQQR,85
4384700,e9ac138b21cb0b5f,2020-09-19 14:45:05,U2009090822A9HB,86
4302608,1bbb9166e94ae42f,2020-09-15 05:01:30,U2008110412XL0T,87
4348608,87386729f4cd7680,2020-09-16 12:25:25,U2008260358IO3W,88
4346215,1869513e2fdccaee,2020-09-09 09:20:06,U2008250953ZW3S,89
4361137,e5ff0aa8b2039e03,2020-09-08 21:50:07,U2008311047MUI8,90
3010464,50306e537a9fa0b9,2020-09-16 14:05:09,U1903141149Z3MH,91
4372046,64d3c59d32b6e7e3,2020-09-22 14:25:07,U2009040442HCET,92
4370828,2db6059e7752071d,2020-09-15 09:30:27,U2009041009446L,93
4355964,7385bed65e05ec4c,2020-09-01 11:34:11,U2008290137417O,94
4345727,a415d07637645483,2020-09-06 16:00:01,U2008250651UFMW,95
4393058,801bc9759fab5977,2020-09-15 15:15:14,U2009130519TLYU,96
4386926,63a8af8134a79148,2020-09-13 08:55:12,U2009090850RKWM,97
4381540,14c934a8cd33cdd1,2020-09-15 13:04:30,U2009071025J4YI,98
1145006,1db061c409cffc5d,2020-09-20 15:25:03,U1802230101URVU,99
4388395,cc00d01dacde6a7c,2020-09-22 08:50:14,U2009100322HYC3,100
3315268,f3312a605453cece,2020-09-10 20:55:05,U19102001280EEC,101
4376456,4ed428a586ea9eea,2020-09-21 08:20:06,U2009061109CPVY,102
4369486,12b751a6197c899e,2020-09-12 12:00:20,U2009030822P6NW,103
4091539,35829a3ddd13b8b5,2020-09-02 05:35:06,U20033003531QHP,104
4376648,4bb70b6f2d8d4f25,2020-09-07 13:30:20,U20090612039FCV,105
4370289,3be29905f7e52f49,2020-09-04 19:40:10,U1901080222GOXL,106
4327913,c21368435a0fdff,2020-09-19 21:05:19,U20082005557XUR,107
4346252,fd011015817d3f3e,2020-09-07 14:35:07,U2008251011G2ID,108
327848,daa8c82ec09c57a7,2020-09-18 18:05:11,U1711010901NROI,109
4400667,00810ff5047b9e8e,2020-09-18 18:45:07,U2009171255Q4QZ,110
2352786,40090ba5e0401fd8,2020-09-14 20:55:10,U18101408006WXY,111
4374688,13d378ad3d5dd950,2020-09-09 11:30:23,U2009050333OHHF,112
4366489,ce00046578c9aa0c,2020-09-04 19:00:04,U2009020937Z5W9,113
4353409,93fddabd2a139f59,2020-09-06 08:35:08,U2008281118FOAZ,114
4362542,7934baa11e6691ad,2020-09-01 15:25:16,U18051006169XP6,115
4372481,8e9ac842c8dee790,2020-09-08 14:35:24,U200904070466FN,116
4362817,e7437084186d97f0,2020-09-11 18:15:14,U2009010444OEJB,117
4364480,72ce995407cbdc45,2020-09-05 20:10:13,U2009021043K3PV,118
4388985,a5e17c572cfe0e84,2020-09-22 11:05:15,U2009100933AUXL,119
4379272,121940f403e536d1,2020-09-15 11:10:28,U2009071057JBDQ,120
4362218,10345f478f558632,2020-09-02 12:25:14,U2009010102TLQV,121
4284602,1b7dda88d5e79051,2020-09-11 05:01:40,U20080112212JBX,122
1341965,c32008fa2bcd3087,2020-09-20 16:35:06,U1803221131AHKD,123
4357196,357a9be14d6dea4f,2020-09-08 11:55:21,U2008300751DVNC,124
4306663,bd14143a02b85cf7,2020-09-10 15:25:22,85835363876,125
4382966,58f53cf4a9beb5f3,2020-09-22 12:05:16,U200908125461OX,126
4405116,ec17f3730d81f640,2020-09-20 12:40:17,08381013827,127
4392848,008e1c8789e2d80f,2020-09-13 14:45:20,U2008200351UWGP,128
4383462,b939f9590e2e7fdc,2020-09-15 18:20:19,U2009080338RC53,129
4385254,751c4a2e752be52a,2020-09-09 20:15:21,U2009091149BJY9,130
4382469,c3fd1af386abb583,2020-09-11 18:45:11,U20090809282SIY,131
3985078,9fbb5fbb79159bd3,2020-09-10 10:55:26,U2003111016YVEK,132
4389590,39662d8763403425,2020-09-15 10:45:03,U2009110948GPIC,133
4357736,a921eda197f100ab,2020-09-08 18:35:26,U2008301226GAFI,134
4385274,c1ad19d6d8bc55bc,2020-09-20 12:55:19,U2009091155ZE9L,135
4385231,c7c5444441f3a282,2020-09-18 08:05:21,U2009091144A11Y,136
4343231,37c7d50ce7d2a6b4,2020-09-03 10:35:25,U2008250754AHMT,137
4403077,747bccc2366759b3,2020-09-19 12:45:17,U2009180217NIVD,138
4302110,46a665682cba3b4b,2020-09-10 08:35:29,U2008111229XYSH,139
4359566,51ea07efbab3ad6b,2020-09-14 16:30:09,U20083110341D46,140
4328591,20177c23b5a484cf,2020-09-21 09:10:05,U2008201110YXWY,141
4396249,6d16d51fb8c2ecf5,2020-09-16 11:01:06,U2009151048B2FB,142
4341437,cb3effd065695ee5,2020-09-11 13:55:15,U2008240118PSV4,143
4167604,91951853d5ac905a,2020-09-15 11:25:02,87782042709,144
4355622,b17f254bfc682788,2020-09-18 05:25:11,U2008291116PYWT,145
904787,3a7824ebf3974bd2,2020-09-15 20:05:12,U1801230421XHU7,146
3878471,1d3fe037216afd7,2020-09-21 12:35:03,U2002210508V1TJ,147
4339272,6a241c94ddd669aa,2020-09-12 22:10:08,U2008230655J48M,148
4408352,1875df37a1715610,2020-09-22 08:45:28,U2009211222Y8E2,149
4361463,302a352bf1fb3b36,2020-09-12 06:00:07,U2009010623IRWR,150
4400658,ee2548d97acb7cfa,2020-09-17 09:35:36,U2009171246SDSD,151
4131628,6fb98f2e4c096220,2020-09-19 14:45:17,U200408112970WO,152
4277280,2a8b4127d74df6cd,2020-09-12 15:25:10,U2007270447UR6I,153
4401489,157284133de8d510,2020-09-19 13:50:21,U200917012871YP,154
4407144,62e88a245a422555,2020-09-21 11:10:08,U2009200925VLPY,155
4333463,47cf6b7c9a3933c4,2020-09-20 05:01:02,U2008211022A9LQ,156
4382422,5286f55768a56fe0,2020-09-22 16:00:15,U2009080915H7JC,157
4388827,cb906099192c7e42,2020-09-22 04:45:03,U2009100800XNBD,158
4377695,cb207b9f47d1f89f,2020-09-07 11:45:21,U2009060651ZOWJ,159
4129456,16e8e3ef8d391ff4,2020-09-14 17:40:02,U2004070646D7OH,160
393267,d07ad466eb7791a9,2020-09-12 11:55:05,U1711141046MFCQ,161
4373841,7a863979ed93b6d6,2020-09-08 11:15:07,U20090509484VKA,162
4355021,24fba9c0679cdc3b,2020-09-19 21:05:11,U20082912357YE9,163
4360601,c66e87e0b976bfd3,2020-09-13 10:00:08,U2008310528G0UX,164
3663636,9d3c93d549ba5031,2020-09-22 18:15:14,U2001141254LTC3,165
4290950,3dde5b1d7de5fd87,2020-09-17 19:45:07,U2008061215U9J0,166
4392774,3b2b4b53197eddba,2020-09-16 15:05:11,U2009130119SBZB,167
4223379,38190836e78dad37,2020-09-08 19:10:10,U2006210452WCTQ,168
4347435,47d48e632bfef3b5,2020-09-20 08:55:10,U2008261043KEKA,169
4105468,0e451849296156a5,2020-09-18 08:40:04,U2004020152QGOI,170
4371991,b323e8432d46c10e,2020-09-19 10:35:16,U2009040420E6LW,171
4185212,869cf85e3a1182d7,2020-09-13 17:55:07,U2005040735DWMA,172
3103019,3f45a9455391e26f,2020-09-04 11:55:20,U19040508454OXV,173
4371905,4c19ff5cb364babe,2020-09-16 11:50:10,U2009040354FUSE,174
4386176,559ff045b2c943c0,2020-09-19 21:05:23,U2009090353MC6Y,175
4030580,adb9d9cb75125482,2020-09-21 10:35:04,U2003181046QSCY,176
4365625,ca9ec0dcb1e409d4,2020-09-03 14:00:15,U2009020528WXDS,177
4363105,1f45acffd88a6fe0,2020-09-11 13:15:09,U2009010647O5IJ,178
4371911,7114af132f1d54d1,2020-09-06 11:00:06,U2009040355BGCZ,179
4337500,f58e87d1b4f05aae,2020-09-02 14:00:07,U2008231146JZOZ,180
4371723,de84024c53be7e48,2020-09-12 11:15:21,U20090403047J5D,181
4344648,c84447e2bea523b9,2020-09-10 09:15:39,U20082502072VMI,182
3678163,7d4d156a141d3a55,2020-09-13 18:15:16,U2001160718UBYS,183
4392188,e8870f3b63790cb3,2020-09-14 16:35:23,U2009130143LQ1C,184
4360125,d572235c8b727246,2020-09-18 09:45:17,U2008310214NYZC,185
4366319,c6655baf6b3d79fa,2020-09-12 19:40:03,U2009020829CHAM,186
4335462,904549e8e5099e19,2020-09-08 16:25:24,U2008220407CNZI,187
4374245,7be62f47aed5616b,2020-09-06 15:35:25,U20090512302QYA,188
4363987,914af8693d80c39c,2020-09-09 08:00:07,U2009020736QDPV,189
4406791,a4fddd8bb76b2dc2,2020-09-21 15:10:10,U2009200534Y6EX,190
4400063,896928b024a2ea14,2020-09-17 14:05:14,U2009160623RFAI,191
4377807,53ba5a8e7c635050,2020-09-07 06:00:04,U20090607472RFW,192
4335174,7185ee517803a12c,2020-09-09 03:55:07,U20082202269LYT,193
4400604,beffb7667a37bf7a,2020-09-17 10:40:04,U2009161158F3N7,194
4357941,287213cbe24869ed,2020-09-16 12:35:10,U2008300147FXY6,195
4339602,2370d5d251312c25,2020-09-14 11:25:11,U2008230852TTZ2,196
4301169,dd2ed6c6e2f4491d,2020-09-20 15:45:03,U2008101101ZFUL,197
821977,cb814926d65598ad,2020-09-15 13:04:20,U1801150243KQAQ,198
4390094,bd9803578c8947b8,2020-09-20 10:10:07,U2009110347E2F6,199
1916231,03cc0e893453b52f,2020-09-15 13:55:10,U1807270303SDBW,200
4388148,52d092c7c1c371b8,2020-09-12 15:05:15,U2009100136BDPE,201
812362,545c41a4ab76fab0,2020-09-14 09:35:29,U1801140642QGIS,202
4367327,34fb8160805c5037,2020-09-04 16:40:07,U2009030803IGR8,203
4357732,bdddf1e3eb952d0f,2020-09-01 11:25:20,U2008301224LJKH,204
4371297,b78a4b78b223fd99,2020-09-19 21:15:08,U2009041242UZSS,205
4397985,8f20643d20e4fdda,2020-09-16 20:10:05,U20091510444TMT,206
4377934,a52befbcef6da5ea,2020-09-10 17:45:08,U2009060900V7KH,207
4386201,b33d6620f6e3e947,2020-09-10 08:00:10,U2009090400RRU1,208
4364002,859e40ec9a7cc3a6,2020-09-10 11:45:13,U2009020744OKDM,209
4369857,25c6d2d0f419b4e4,2020-09-17 13:20:04,U2009031150EYCR,210
958588,953e9ebf9f431fa4,2020-09-22 16:15:08,U1801300319MOQB,211
4384323,96ef6bbecbf63859,2020-09-23 08:30:14,U2009081146RWUC,212
4370125,91118c3f7d58cc5b,2020-09-05 10:45:26,U2009040339XPIJ,213
4368397,1305624a094f76f6,2020-09-20 10:30:13,U2009030152D4NM,214
4340039,b6d072fd9a7b6e69,2020-09-16 09:00:05,U20082311563HY0,215
4389417,12e9bab85d6f2d0f,2020-09-11 19:00:06,U2009110737TZS4,216
3743413,3ad1f95671fafc59,2020-09-07 14:55:13,U2006210107VYAS,217
4224166,c71bf1ba043bd11b,2020-09-21 12:30:09,U2006220113FWSR,218
4380900,1886b72e3b606c05,2020-09-09 15:55:26,U2009070621YAYR,219
4384264,b52fa41245727624,2020-09-09 17:15:20,U2009081104IL00,220
4261079,e04b1985f6b5ef18,2020-09-17 19:25:13,U2007170338DAVZ,221
3139617,680a7a6bb1880a07,2020-09-15 12:55:04,U1904190351ENUR,222
4399834,b1ef218aa14b50cf,2020-09-20 16:40:11,U2009160426Z8R7,223
4357166,e37dc6b35a60e057,2020-09-11 10:45:17,U2008300727SMNM,224
4381825,f1c41b416b0e477e,2020-09-15 19:35:07,U2009080109QX7Z,225
4393269,c2394b3f30f42622,2020-09-14 12:05:20,U2009130932BM79,226
4349061,48245c4a033c7519,2020-09-06 11:50:05,U2008260647SSKU,227
4292466,ec941700b7962b2c,2020-09-15 11:00:07,U2008060733BJXN,228
4018134,e7a1ba6923a533b2,2020-09-22 10:50:07,U2003160648009W,229
3590850,e21cbbf78ac5654d,2020-09-11 11:15:20,U1912290412UKEY,230
4377061,0c30108977a35dd7,2020-09-07 13:20:22,U20090602235LCS,231
4361742,2499571ab5d4f4a7,2020-09-10 09:05:22,U2009010951IQUM,232
4403336,8cf8ba088b1b3cfb,2020-09-19 14:00:04,U20091804584RAF,233
4358963,ecfa6fe3b2d7d895,2020-09-02 07:40:09,U2008311229X27C,234
4323595,78364700beaa7ded,2020-09-21 08:45:09,U2008180504GI3Y,235
4369218,26d73ffdfe95596d,2020-09-13 14:45:06,U2009030619LM0N,236
4205142,dc2baef99c517301,2020-09-09 17:05:21,U2006010556Y3QV,237
4406028,f9d051755455a38c,2020-09-21 07:40:06,U2009201134N76U,238
3989752,d4b7dbe88ac7b56a,2020-09-21 08:20:10,U2003120937R7KN,239
2385518,258351b57ecfa939,2020-09-14 09:45:11,U1810190348ENRW,240
4409458,02c3e199fa43795d,2020-09-22 11:25:16,U2009211105ZYAS,241
4347034,5a6a1da36851e4dd,2020-09-07 14:25:32,U2008260831NVNE,242
4410632,c0bb6717d02dc94e,2020-09-23 05:45:02,U2009220307ZAFW,243
4407403,9cdae978888d5802,2020-09-22 11:00:01,U2009210105V2TT,244
4351438,7f22d4929f15f47e,2020-09-06 17:40:07,U2008270327SUBL,245
4078511,66c129d3687f0524,2020-09-12 17:15:16,U20032706281PVW,246
3765597,c8e6ba8fc9b82c25,2020-09-21 02:05:07,U2002021108A4TP,247
4067609,cf65d9cac14ab8ba,2020-09-10 22:05:11,U2003250458RQKF,248
4342698,02c2802ea0359fe3,2020-09-02 15:47:53,U2008240958GUXA,249
4401091,67d354edcf27dd9b,2020-09-18 09:20:12,U2009170939GBKQ,250
4386169,a8dec904456e0b4f,2020-09-13 12:05:17,U2009090350IUUB,251
4406607,38d8d0732b0eecab,2020-09-21 12:35:35,U20092003536HQW,252
4342335,ccd6fe200a468a92,2020-09-13 10:20:08,U2008240638MENA,253
4354817,43e2a2e09122db64,2020-09-12 11:00:17,U2008280931U979,254
4386426,eac3be0444a9f6ce,2020-09-10 12:05:20,U2009090525DBHE,255
4379265,08382adec787bbaa,2020-09-15 08:35:10,U2009071055OGGJ,256
4345560,e53312f12d8ae869,2020-09-05 01:00:59,U2008250554TD7N,257
4315967,973a11b6e3765569,2020-09-21 20:40:27,U2008160723PMDI,258
4322046,dc1b367518741d9f,2020-09-17 09:35:17,U2008181002S4KF,259
4393657,b367866c7cdb2253,2020-09-19 15:55:19,U2009140853AY7M,260
4282104,2aa14c09a08a32d7,2020-09-18 12:00:05,U2007300305LKOK,261
3348457,81ec006ac615c351,2020-09-10 12:05:16,U1910281238QB5Q,262
566876,1226fb0e533bcaf3,2020-09-13 10:05:12,U1712161152AKFK,263
4375035,f6ea45493c5c49c8,2020-09-06 12:25:12,U2009050557ISIA,264
4400062,1f3c8a2658b640f4,2020-09-17 10:50:08,U2009160623GKYZ,265
4380644,e849a57e38dfb9a6,2020-09-08 14:00:09,U2009070456GCRE,266
3969496,3a938e5b99789eb0,2020-09-22 01:00:17,U2003090722RG3I,267
4361984,77132916c0689d1a,2020-09-10 14:15:17,U2009011132AYYL,268
4350058,cfb4ae0a2057426c,2020-09-17 12:30:09,U20082707058MLV,269
4386601,d898c53ba51886e8,2020-09-13 10:45:24,U2009090628LUVI,270
4397926,d151080a44266d87,2020-09-17 20:10:04,U20091510083YHB,271
4365610,8e5127f2e4d50049,2020-09-20 13:55:16,U20090205277EPT,272
4375343,33a4b67f88048e01,2020-09-06 15:25:22,U2009050915OMFL,273
3485182,be184dc544e677de,2020-09-09 12:40:34,U19120305016HF4,274
4388380,bf7e3116995b6033,2020-09-19 21:00:16,U20091003167RI5,275
4385187,e43d95cd3372fb0d,2020-09-19 15:10:06,U2009091131SO5I,276
4393292,f7105a2f89c94e75,2020-09-14 17:10:07,U20091310021PGD,277
4355368,dc7cbf4f533da634,2020-09-15 13:01:00,U2008290914KNYE,278
4280041,846c546614d54545,2020-09-20 11:50:04,U2007291235TWLF,279
4365211,b754e6a34dd86c6d,2020-09-05 19:45:19,U2009020149MGKK,280
4357469,ddeb6c327342c969,2020-09-10 13:45:12,U2008301029THU1,281
4387688,05c0ee3be04791da,2020-09-17 15:20:02,U2009100949HDKL,282
4362388,b83bf2a6d79518ed,2020-09-15 13:05:46,U2009010202MPYT,283
4363131,eb66d05c58bf9e26,2020-09-21 14:40:09,U20090106596R8C,284
4175301,022def7fded3f7d5,2020-09-20 15:35:10,U2009191112CE8F,285
4371227,01f58051e9cfe7b0,2020-09-21 08:15:09,U2009041225YKYC,286
4365410,3c0eab58866f426d,2020-09-20 06:40:11,U2009020247UZLQ,287
4349412,ce17b8080975ce65,2020-09-08 10:40:11,U2008260910UMPH,288
4394297,29af0c748cc80d16,2020-09-16 11:45:26,U2009140116AA9W,289
4405116,ec17f3730d81f640,2020-09-20 12:40:17,U20091907291CX0,290
4348809,69a512bb349ac5ae,2020-09-03 07:25:13,U200826050259KF,291
4361709,48c8b2569fb59a25,2020-09-09 19:25:05,U2009010930IFBW,292
4279629,eb50691ae3bfa67d,2020-09-01 10:00:20,U2007290900FDEZ,293
4341670,deefa158357bf775,2020-09-07 13:25:23,U2008240235FLGH,294
4378046,5c5f6c2b02f970ea,2020-09-23 01:18:21,U2009061013TLTW,295
4386606,0845c326ca7d4d9d,2020-09-19 10:25:05,U2009090630XHSA,296
4384866,917e28f5f40bc09e,2020-09-11 12:20:08,U2009090945IQ8F,297
4288381,a2a644b20b1a7761,2020-09-15 11:10:17,U2008041254X8SX,298
4367562,dca6855b4f0efffe,2020-09-09 07:20:06,U2009030940SU8T,299
4365849,69070b68262ab5e0,2020-09-11 04:20:04,U2009020619FW28,300
2153411,9a866189fcba0475,2020-09-14 08:15:26,U1809080456WQAR,301
4408576,2465db53154c465c,2020-09-21 14:55:21,U20090206049WGD,302
4385166,b3832df9f8373bde,2020-09-22 09:35:14,U2009091125IPFD,303
4364347,1f147addb333fd68,2020-09-08 19:05:03,U2009021001AQHC,304
4401109,ca7a23eba8718218,2020-09-19 13:20:14,U20091709478ODE,305
4153144,7609f2d7ba78a1dc,2020-09-20 08:20:07,U20041406129INX,306
4346845,333da92c1abfb73d,2020-09-18 11:50:11,U20082606389HAS,307
4369290,ef6690ed49adea5d,2020-09-04 15:35:37,U2009030654NCH5,308
4227100,edda0c3ce5c80431,2020-09-18 15:15:12,85260665616,309
768170,63ea303ef9ae6d10,2020-09-06 09:10:29,U1801100208XIET,310
4346811,006a9aae458b50a3,2020-09-05 19:05:25,U2008260604O9NQ,311
3770046,0681a43edeb95386,2020-09-09 13:00:17,U2002031058C9WT,312
4390173,3df339d044a20686,2020-09-14 18:25:06,U2009110450TV1K,313
219537,c35cf56526659376,2020-09-01 06:25:22,81287777596,314
4357664,c061f67a00f0d6cc,2020-09-18 10:25:12,U2008301150SUYY,315
4383029,5afe22ca917950ec,2020-09-17 10:55:10,U2009080114HK4X,316
4349042,db2ad584c9590cf1,2020-09-21 18:50:06,U2008260638LDKI,317
4371307,6973c228dcbe0f41,2020-09-12 14:00:16,U2009041245UYSL,318
4344355,c8968b3e322fae59,2020-09-10 18:00:10,U20082501042ZIL,319
4381321,bc366701a7c77783,2020-09-09 16:55:28,U2009070842THHF,320
4397293,dcd081ba105e8dff,2020-09-23 06:15:14,U2009150446AEXO,321
4328732,a48a5298f6b5592f,2020-09-11 20:35:06,U20082011538WX9,322
620096,3df7fd31c9f900f1,2020-09-14 18:45:14,U1712240947PGKO,323
4361415,1398ad3b755d9e57,2020-09-13 10:05:18,U20090105086FCQ,324
4323595,78364700beaa7ded,2020-09-21 08:45:09,85775798597,325
4366421,df940396970159ab,2020-09-22 19:15:13,U2009020906NJ7W,326
4376524,edbfdba8fe34a3be,2020-09-09 18:20:14,U2009061128PCI7,327
4351879,5e98f57610d673b1,2020-09-14 09:10:11,U20082706124FO1,328
4110279,a860f4d4fca8480c,2020-09-15 11:05:09,U2004030131HDXL,329
4254876,ec0de786ef637d5f,2020-09-03 15:25:44,U2007140336SJAV,330
4378137,511341d7a5c13dea,2020-09-19 10:05:04,U2009061112HNWB,331
4397455,647c05526cb6c944,2020-09-16 08:05:12,U2008300930JNCI,332
4327052,d04619ee50f771e7,2020-09-14 11:00:17,U2008190700UZJT,333
4317927,f37e263163fbec07,2020-09-19 12:40:11,U2008160722GCQE,334
4388778,5e0b6f0a72647d0c,2020-09-11 12:40:22,U2009100730YTWM,335
4355420,a88b8b03b8b55902,2020-09-05 11:45:28,U2008290940BQIC,336
4387244,8d80f97ba5bb5b4e,2020-09-16 17:00:09,U2009100116LEDE,337
3911183,e8ca58c7ad1b9849,2020-09-03 03:45:08,U2002260752ENDD,338
4293846,61103c4ce4cbf7ff,2020-09-14 11:00:08,U2008070315JH40,339
4389146,3c72aef711df0acd,2020-09-13 19:50:03,U2009101131RUJN,340
4368018,a50254683aeb812b,2020-09-03 18:25:07,U2009031200EEK1,341
4352624,9926ded5f96f1bb1,2020-09-04 01:02:08,U2008281223KGR3,342
4371041,da55ee9fa06de3d3,2020-09-13 20:25:12,U2009041127SIII,343
4343801,e0881e6b57c571bd,2020-09-12 17:25:10,U2008251102FVTK,344
3788168,86ea7700365e134f,2020-09-08 16:36:47,U2002060408HRBO,345
4396080,f37aa4ef6f642bb3,2020-09-15 10:15:42,U2009150956XPPD,346
4376224,cba43be165320682,2020-09-11 07:35:09,U2009060952ASI2,347
1862577,2242f9c48ce29557,2020-09-18 08:15:17,U1807160520SKNM,348
4341880,c02eec21fdd13520,2020-09-02 10:35:23,U2008240337NIO2,349
4384198,7512a0505e3f4662,2020-09-18 10:50:01,U2009081013MWKU,350
4360118,d2265e010bacb7bf,2020-09-01 08:25:39,U20083102114JDU,351
107056,3934bfb892c79880,2020-09-09 05:01:07,U1705220956XDYO,352
4307097,cbd229017d4a9274,2020-09-14 06:00:08,U20081303019QOH,353
4389062,aa6611e3b17d5571,2020-09-12 09:15:23,U2009101024RQQO,354
4346940,be0d822dc45990e0,2020-09-05 20:40:03,U2008260744RDPU,355
4399170,51bf800a6128042c,2020-09-17 18:45:09,U2009161239UTFO,356
4352629,1ef6960bf5d0fa38,2020-09-06 11:50:13,U2008281226IUS1,357
4315569,7e56b2f0eeaacee2,2020-09-13 22:55:08,81338917711,358
4376732,4de9da41538fa387,2020-09-13 12:35:13,U2009061231EOYK,359
3588129,174ad8a1e5ed8a2c,2020-09-04 10:10:10,U1912291231TI1G,360
996095,bdd3bc9fbb8f9c1f,2020-09-12 17:40:05,U1802050740F8JS,361
4372172,72325e97b90d2217,2020-09-15 10:30:04,U2009040522JGR5,362
4374482,baade6e7af37b0cf,2020-09-06 11:00:16,U2009050206BRHV,363
4369283,2a3aa3b442d29300,2020-09-20 16:15:03,U2009030651YRJF,364
4351075,2d7cad12b129c92e,2020-09-16 07:35:09,U2008270151UYN9,365
4398411,bb854995b970a498,2020-09-17 17:20:13,U2009160718BWXC,366
4381284,d49a492f2af8e3fa,2020-09-12 12:25:24,U2009070830EHS6,367
4369185,b0bf0d12e55686f1,2020-09-05 15:25:30,U2009030605KCYT,368
2192872,1f98f90c4588afd1,2020-09-11 16:10:08,U1809150844UFO9,369
4370320,3b8bd977e222cb68,2020-09-07 13:05:17,U20090406552M4Y,370
4344820,4410509741a505c5,2020-09-08 08:35:10,U2008250241AKA6,371
3968846,51e74d76a9d4dff3,2020-09-12 07:05:16,U2003080201GPOB,372
4364226,83709e415f661fab,2020-09-15 09:10:05,U2009020919CLCJ,373
4285891,d46822ade677a5c6,2020-09-04 11:55:15,U2008020812OZZG,374
4375535,982c5abf7ce4b30e,2020-09-08 06:35:10,U2009051150FK6I,375
4375091,48eaa606851874d9,2020-09-06 07:15:13,U2009050633MQ3O,376
3519428,cdd9451611331295,2020-09-10 04:20:02,U2008310624WUAH,377
4294193,6887be12cf88badd,2020-09-20 16:45:11,082297432234,378
4390444,8c955527896432f9,2020-09-15 12:40:07,U20091109075FIN,379
4351174,90698a17795d4024,2020-09-16 13:10:38,U2008270219PU3Q,380
4264632,e95f8e96ac2a0e19,2020-09-22 11:15:10,U2007190702IEFG,381
532454,3715215e2d3dd581,2020-09-20 18:55:13,U17121106378QAA,382
3810714,74792ea0fd53855d,2020-09-08 22:05:10,U20021008507DGO,383
4386408,726d4572e90c4ead,2020-09-11 15:25:29,U2009090520W2XS,384
950848,f15cc10e8d958166,2020-09-13 20:45:05,U1801290418WPVM,385
4366501,3de4ca1ff786077a,2020-09-12 11:50:26,U2009020945ZGHX,386
4347664,74653a6c2887ac24,2020-09-09 14:35:13,U2008261146QKJD,387
4400541,5b0ebe4b2d634c59,2020-09-21 10:35:16,U2009161116QGW5,388
4392787,11098ce9fbc22acd,2020-09-17 09:35:05,U2009130130UIOD,389
4363791,3ccb5a5bd9688da6,2020-09-03 10:25:33,U2009020401U6MV,390
4336238,c0a7abd844fd822f,2020-09-05 11:50:13,U2008221035KHK0,391
4298111,2a7039e590eb9a15,2020-09-16 15:55:25,U1801230539Z1E4,392
4399852,7d57a7799d3af7e9,2020-09-17 13:05:13,U2009160431TZHB,393
4385645,e1d476c98df7d5df,2020-09-12 13:10:01,U2009090130ZUDF,394
4396242,39d38dc25d686cff,2020-09-15 16:25:25,U2009151045S9AR,395
4387364,0817b277b85220df,2020-09-13 10:35:07,U2009100532WGY8,396
1186270,b42ff12d666f41ca,2020-09-05 20:00:18,U18022808368PVF,397
4390309,9e5ed3ca368785b2,2020-09-22 12:05:21,U2009110653WDET,398
4406600,845aaf7378c8b942,2020-09-22 14:30:09,U2009200348JVBM,399
4408701,35c227bd23cb787f,2020-09-22 13:35:14,U2009210253TVM1,400
4370181,83bb0686df976aaa,2020-09-16 11:40:10,U20090404576KOO,401
4370810,8eefa527fcbd1028,2020-09-05 08:58:27,U2007260301YVYS,402
4387533,adf5e4bbb49989a5,2020-09-11 18:50:20,U2009100808CQEK,403
4385096,66101ededff01ffe,2020-09-16 12:20:03,U20090911038MJF,404
4360481,d8825d51e8162878,2020-09-13 19:15:12,U2008310435YNXV,405
4387298,03202ce0aaff9eee,2020-09-13 12:00:16,U2009100248B0MC,406
4363735,30013c44ae43701c,2020-09-04 13:35:04,U2007170543EJ6J,407
3913296,f1ea4aa4c7a85b9f,2020-09-04 16:30:07,081808802662,408
3913296,f1ea4aa4c7a85b9f,2020-09-04 16:30:07,U2002270929WLLO,409
4359231,56a0dc9f5fed2a91,2020-09-11 16:05:18,U200831074682AF,410
4309176,b49afbe002e6480b,2020-09-15 09:15:07,U2008140943YSNZ,411
4355133,bc35bf1907493653,2020-09-09 12:20:07,U2008290431IULF,412
4353118,65037b5ebb626684,2020-09-09 15:35:02,U2008280928SUPJ,413
3450760,5942940d5b5e7311,2020-09-22 12:25:15,081332011905,414
4389176,8c7dbbf646e57a2f,2020-09-13 07:20:04,U2009101153YDOM,415
4389152,c17551b19c596571,2020-09-11 19:20:14,U2009101137LZL2,416
3519068,fcacd99e556e55cf,2020-09-10 11:05:13,U19121010404IQ4,417
4296625,24382152451807f8,2020-09-06 20:45:09,U2008080549PC2L,418
4358987,c1c64ce82a05c9b3,2020-09-22 14:25:19,U20083112558VN8,419
4396703,3560b4598524f630,2020-09-21 10:10:03,U2009150112NUQF,420
4360014,5f00ac12d4038c01,2020-09-13 12:10:03,U2008310134WZON,421
2723006,8b1a8c4dacc55c1d,2020-09-15 13:04:40,85315274000,422
4375551,c316d8f76f75b08b,2020-09-15 10:05:15,U2009061200VCGC,423
4118127,5545d3dc76be2f8b,2020-09-19 09:50:14,U2004040954KTPA,424
4338636,5d2b522d1bd82658,2020-09-09 09:50:04,U2008230400ZXAQ,425
744445,c6f8854296c6cd63,2020-09-03 08:50:16,U1801081215ST6Y,426
4393320,34fe5c237921e0a0,2020-09-22 16:40:15,U20091310469MMF,427
4393075,5128df6ef462c7da,2020-09-21 11:10:10,U2009130539YAI9,428
4045352,0488bb4fe4d9e622,2020-09-17 18:25:07,U2003211021ZIWB,429
4391730,e1afe3c1ebf0543a,2020-09-17 11:15:12,U2009120607TYJC,430
4403809,ba21b5b2cdafe717,2020-09-19 14:40:13,U2009190209LBH1,431
3860434,25f4123b94caf59a,2020-09-22 07:25:02,818621154,432
4383442,cddf7ed358af887f,2020-09-16 07:45:08,U2009080334BCQ7,433
3951525,35c78160e64cc8d1,2020-09-11 15:30:03,U20030511367PKC,434
3040730,b38f01c20697e85d,2020-09-03 13:50:11,U1903200643OMDN,435
4404960,42f6e11086b57b67,2020-09-19 17:30:11,U2003100723WJGL,436
4363381,9c52af37cf507479,2020-09-21 19:00:02,U2009010925MDZE,437
4367028,9ef8225da3c92600,2020-09-11 09:30:30,U20090302412SC9,438
4369636,9d812d6a7c15f274,2020-09-04 11:10:16,U2009030941YRRE,439
4069360,a794bedda929bec1,2020-09-08 12:45:24,U20032612367VCY,440
3518358,2d11642eddebfa19,2020-09-08 18:50:33,U1912100701GUDY,441
4386648,35f46ea656e77612,2020-09-12 17:15:18,U20090906440HP5,442
4346380,403395cf5bd19022,2020-09-05 19:55:32,U2008251104UCKH,443
4341731,5a3a5d2346067b1f,2020-09-15 13:04:41,U2008240253VNLD,444
4363034,9956e81591b331de,2020-09-06 17:55:02,U2009010619BGTC,445
4366011,ceaf4d1d55b568b9,2020-09-20 13:30:05,U20090207046HGG,446
884041,7257396f08b686ec,2020-09-11 16:15:20,U1801210200AL5T,447
4386684,8a8854e613b18671,2020-09-20 19:50:09,U20090906571XWC,448
4334643,5218953d890a455b,2020-09-20 07:55:12,U2008221121MOF6,449
4386461,a75f07eb365bae18,2020-09-12 11:55:23,U20090905370JBH,450
4362176,571cfa97149b63c7,2020-09-03 09:20:17,U2009011243AQ7G,451
4370203,05bda5dd4416391b,2020-09-15 11:05:11,U2009040522U4UQ,452
4399908,d513e71d79a0fc0a,2020-09-18 14:45:10,U2009160459EZ48,453
4319433,dfe0753180199412,2020-09-19 10:35:15,U2008171134QW2Q,454
4403633,d681042133c20bb4,2020-09-21 20:40:08,U2009180951YNKK,455
4390972,174f1d14fa44ee72,2020-09-14 17:10:03,U2009120929QAIM,456
4380694,4273908ee21074ef,2020-09-16 10:55:09,U2009070511A8WR,457
4344236,716a6b93dc251782,2020-09-04 08:05:16,U2008251240CRJM,458
4369425,727ca144952e8193,2020-09-12 11:55:36,U2009030752RDIS,459
4393623,84b50937701ed6c9,2020-09-16 07:40:07,U2009140824CUWJ,460
4264475,e9e3f784fadedd14,2020-09-14 18:05:06,U20071902198ES9,461
4390606,00975ae613019e9a,2020-09-14 19:50:03,U2009121207BDRX,462
4147934,560db1988beb4517,2020-09-03 09:30:42,U2004130807PTRF,463
4341831,25f349901b9afc88,2020-09-04 11:15:13,U2008240322VVQ6,464
4391045,d68a8b0a4cab334b,2020-09-15 11:15:13,U2009121027MBRP,465
4325927,15c75beb540804d0,2020-09-14 16:05:09,U2008190102OQUP,466
2795900,2d9457c7c337379f,2020-09-08 11:05:09,U1901151209M5BW,467
4372922,40ea1a2a6b808197,2020-09-05 12:55:19,U2009041020TESU,468
4369569,e0e6d71f34a39a30,2020-09-12 12:10:15,U2009030905NCLA,469
4245329,13a9629af9115b21,2020-09-12 17:15:12,U2007070231GB0O,470
4388783,cada67d0a8d267bc,2020-09-15 18:05:15,U2009100733HJXA,471
4319776,f52d6b8c73e4714c,2020-09-02 02:35:06,881025397676,472
4295156,2e8e31d43e1c3fe5,2020-09-03 19:25:21,085894992806,473
4379253,c76909462c281077,2020-09-15 15:10:08,U2009071052N2RE,474
950288,b5385054d89a074,2020-09-13 19:30:35,U1801290313QRPZ,475
4350998,3d01538c752681b1,2020-09-14 15:25:02,U2008270129ZQPJ,476
3948942,695ada31c4e8a048,2020-09-11 04:35:03,82237650909,477
4365674,68d700bbbddf78b4,2020-09-12 12:20:05,U20090205381BVB,478
4365337,3326f8152e0353b5,2020-09-10 15:35:22,U2009020227X8LS,479
4387685,7f1107b8701e53a7,2020-09-11 11:35:33,U2009100948KLM1,480
3305789,569e2dee6a999ec4,2020-09-22 13:15:11,U1910171255L51I,481
4372987,fad0654a84210a69,2020-09-11 16:20:11,U2009041054EDUL,482
4392505,e09e2d99f8ab1216,2020-09-13 21:25:12,U2009131004FCQF,483
4357579,d6a7a5d773a4a8d4,2020-09-14 11:00:17,U20083011155P5N,484
1908194,fc73954065825d82,2020-09-07 07:05:13,U1807261017ONA0,485
4383720,276bceb55cdd12bc,2020-09-10 11:50:15,U2009080519YEQ6,486
4225645,308094f13a0c4aba,2020-09-10 22:55:10,U2006241212LVM7,487
4374767,92af246d8ec1ccd7,2020-09-09 09:35:35,U20090503524S8M,488
4361576,c9a84ada6446c6ac,2020-09-06 10:20:10,U2009010819EIWO,489
3660141,26b3f6fbfdd404d8,2020-09-14 12:45:26,U2001130829AQKL,490
4363827,6be8f926d601c286,2020-09-08 18:45:24,U2009020509LSFP,491
4290536,4f2aeb073c9b60b7,2020-09-11 22:15:09,082245862822,492
704027,f23eff69da1eb43b,2020-09-19 21:10:14,U1801040927ELSX,493
4359268,0b9f1d872c180f7d,2020-09-15 08:20:14,U2008310814PCG3,494
4258278,6379f12f7d9172e9,2020-09-17 14:05:19,U200715103713WE,495
4154672,bdbf7bdb2a29aa0b,2020-09-12 17:45:09,U2004150843HRC6,496
2001606,782a2747fdeb1635,2020-09-06 12:35:11,U1808110755Z4DR,497
4357129,faec5426837273c7,2020-09-11 08:40:25,U2008300658VJ8E,498
354792,124d49f176c96a58,2020-09-08 10:35:23,U1711070806NCPC,499
2479938,4ec3de8f3889c6ea,2020-09-18 12:55:02,U18110412189R56,500
4328318,7afb8e9a29f18de7,2020-09-13 10:10:09,U2008200946NAOC,501
4376021,c3affa215029a2f1,2020-09-06 10:30:17,U2009060819YIUE,502
4374835,36ad7005c1d4de1b,2020-09-17 13:00:05,U2009050420XHKZ,503
4386769,88bd99f54541fced,2020-09-11 17:46:33,U2009090731FY1S,504
4341029,31f64289eca6f56f,2020-09-17 10:20:23,U2008241058PT6W,505
4361490,92ca04b294c004c9,2020-09-13 11:25:17,U2009010651ZBXG,506
4353418,90fd7f80b9139bdc,2020-09-09 08:40:10,U2008281121JBFV,507
4324852,37877338ab0cce1d,2020-09-17 05:45:09,U2008190640W3OJ,508
4354167,4e899b84fa60738f,2020-09-13 22:15:08,U2008280313BBUI,509
4368908,49fa73dde6de9c57,2020-09-12 13:00:12,U20090304262FAA,510
4144676,dad29632ec3b137a,2020-09-21 10:15:19,U2004120946PVCQ,511
4339439,b55e807246e24ad3,2020-09-15 11:10:07,U2008230746GFHJ,512
4366604,03ef2b4ee419885d,2020-09-07 13:05:05,U2009021051HSSI,513
4391810,3e472e2dd8a2b3b7,2020-09-13 08:00:10,U2009120658OJLF,514
4134497,2cdac5d9b83d38d0,2020-09-07 13:25:48,U2004090837KLU2,515
4363551,1fc93fd1d6dbbb55,2020-09-02 10:15:37,U2009011123UPSO,516
4340627,33649c468b1b5182,2020-09-12 18:35:15,U2008240825HDED,517
4408835,8aca332be5461f31,2020-09-21 16:50:11,U2009210400SU5T,518
4390300,6c3cccbea7c37769,2020-09-13 15:55:17,U2009110646LWXA,519
4375336,aa03000d81e45ac6,2020-09-15 16:15:12,U2009050910I6JL,520
4121132,62e12deedd1b4b51,2020-09-04 21:05:18,U2004050435T9PL,521
4375787,cfdf31b73eed4705,2020-09-16 13:15:06,U2009060514X0QW,522
3985845,c364d1c4ce3a69cb,2020-09-15 10:25:14,U2003111215ZGDA,523
4381135,44c2c234f7603e72,2020-09-08 20:05:18,U2009070736RXI6,524
4368706,41ca77b692d4b16e,2020-09-15 12:55:56,U2009030327GZIJ,525
4369478,8dbd402d6c58142a,2020-09-04 21:30:11,U2009030817ADY9,526
1153359,8ad3d6073e5af1fd,2020-09-10 05:01:31,087882373158,527
4372975,c68d517585b3e390,2020-09-05 12:30:19,U2009041048JIXY,528
4363066,3d48df2bec31fb55,2020-09-13 16:30:07,U2009010630TPRC,529
4379491,f58c825a1c1f9129,2020-09-09 10:35:30,U2009071152VTAO,530
4356076,ec1985ea3669eb58,2020-09-11 12:45:07,U2008290231NBTS,531
4392961,39039c12ced391c0,2020-09-19 15:10:16,U2009130359IQQS,532
4225837,7b98b75589937d2d,2020-09-06 11:40:10,U2006240912WXVY,533
4363466,83cb8e1a7eced1ba,2020-09-15 08:35:02,U2009011027WBW6,534
4380266,d5d6d30e7b0dd05f,2020-09-08 13:25:12,U20090703065TV3,535
4319533,d9a4e493c1ce448,2020-09-12 11:50:27,U2008171203XQVU,536
4403776,8a0af60a067534c9,2020-09-20 13:55:18,U2009190104NXRS,537
4382994,529667bc4ae233cd,2020-09-18 18:10:03,U2009080102IOXJ,538
4408545,1255dcf1fbb9e010,2020-09-22 11:55:27,U200921014207WA,539
4364235,5155338a2229cf91,2020-09-15 09:30:14,U2009020924EX8X,540
4357207,24e0a469ea5ec736,2020-09-15 06:40:08,U2008300757BCHN,541
4381545,6adcd5e42b4be7ef,2020-09-08 12:45:18,U20090710264ZLG,542
4347601,5f2fb76e0982e920,2020-09-05 10:40:19,U20082611281T4D,543
3765251,850ae3ca72852075,2020-09-05 09:15:11,U2002020942YMEA,544
4405948,cf1cd8597b0bcaf8,2020-09-21 12:10:16,U2009201058DMZJ,545
4407084,369c8fb1ee544643,2020-09-21 10:15:39,U2009200844DLWA,546
4387693,a397e54ce08fc8c2,2020-09-19 21:05:17,U2009100951V2X6,547
4370893,786cadc830c43dd9,2020-09-12 05:40:03,U2009041033WQGI,548
4402395,772855fc67566945,2020-09-19 10:20:10,U2009180612GSAE,549
4409363,ed876d4079a2962f,2020-09-22 10:15:17,U2009210934JOVB,550
2529699,bbbe59e7f3cbd89b,2020-09-08 10:45:24,85776875257,551
4389003,3d95073160e76824,2020-09-19 12:55:18,U2009100943HUBH,552
4397927,f1129b5330a36095,2020-09-23 05:00:56,U2009151008NSWY,553
4363768,192117328343b643,2020-09-12 10:20:16,U20090203119VGX,554
873387,a7bb5966c35c8078,2020-08-31 21:15:09,U1801201224HYCY,555
4407124,6886ad456c1fa344,2020-09-21 06:25:08,U2009200916JILE,556
2638583,dea5a3f3a82a559c,2020-09-11 05:40:05,U181126103619HC,557
4348903,199e546b5c4ec690,2020-09-15 08:15:10,U2008260540TNLO,558
4300961,1fdd616e413f8ce6,2020-09-02 12:05:02,U2008100832DUNE,559
179143,aa13f3d1f1c9a392,2020-09-21 07:10:03,U1708290921LTPV,560
4370717,2cd9d775b48e243e,2020-09-21 15:55:10,U2009040930L45O,561
4368397,1305624a094f76f6,2020-09-20 10:30:13,085231115815,562
4351417,29844a1b8b0f60a1,2020-09-12 17:25:10,U2008270323ASOL,563
4324624,928febc7a762df00,2020-09-05 19:30:04,U2008190124N3CL,564
4378140,794a3bcd6705e94c,2020-09-07 14:35:08,U2009061114VQCA,565
2464418,bfc8ed1eb2bd7709,2020-09-15 11:05:45,U1811011257FZOH,566
4408827,40eca8de8b7d3365,2020-09-22 18:25:12,U20092103568KLI,567
4348609,4c0b3b2991b8c9da,2020-09-12 11:50:04,U2008260358O52N,568
4140495,7ef7feabfb3770bc,2020-09-07 18:35:20,U2004101009QKDC,569
3635336,8eb690885772b76b,2020-09-15 13:04:39,U2001091121ABEG,570
4369334,f3db004d104e5b9f,2020-09-11 11:45:22,U2009030711VGZ2,571
4373811,7496dffb69ab36fa,2020-09-07 14:00:07,U200905093771AE,572
4397495,ade827f8293b9d82,2020-09-16 12:25:24,U2009150615WSRR,573
4361682,bc396c1e2cef7545,2020-09-13 10:50:07,U2009010917MKIQ,574
4366633,2a3046b63adc85fe,2020-09-09 21:30:18,U2009021103NMWB,575
4319901,bd1a3f0a568629db,2020-09-05 09:00:09,U2008170153XGOS,576
4390382,2975a26f25fb483c,2020-09-12 11:40:12,U2009110805CZIU,577
4361657,eedbbf9ab74f993,2020-09-15 12:54:30,U2008310452MSE6,578
4314853,990a1232038f3edb,2020-09-14 18:25:14,U2008150620XWBX,579
4117879,e83a0f2571f5e2bd,2020-09-10 12:00:21,81366604445,580
4371025,f9bf1a87a62962ad,2020-09-08 15:45:27,U2009041122IBAR,581
4346316,4c29ca61a52723a4,2020-09-05 09:25:18,U2008251036YRXC,582
4390379,189f5baba113031c,2020-09-14 09:45:24,U2009110804SI56,583
989922,6e91e80266a07705,2020-09-07 18:15:18,U1802040627RNQT,584
4373150,46dd69242d56e19e,2020-09-06 13:45:10,U2009051216O2KF,585
4386249,119f8e79525c2870,2020-09-10 10:45:35,U20090904185ZAZ,586
4371516,8931ea4df8d1a28b,2020-09-11 17:40:17,U2009040204UJ5Q,587
4331664,db2cd215ae0f84f2,2020-09-08 15:35:16,U2008211137L0SW,588
4378507,f8d6c6a357866872,2020-09-11 12:45:28,U2009070505XHHO,589
4398645,e78c72e0d0220f63,2020-09-17 08:40:09,U20091609222AEH,590
4404623,3e75c1a04aa8612b,2020-09-21 14:40:11,U2009190211Y7C2,591
4210901,674d4d08bd69961b,2020-09-21 18:15:15,U2006080849RZV4,592
220912,b7246fa2ce8731cf,2020-09-21 10:10:12,U1709231133M630,593
4387686,14080df5535fb9e9,2020-09-13 11:00:16,U2009100948ECXK,594
4387023,3c65729a0b673a7a,2020-09-10 12:15:22,U2009090935YEPQ,595
1659225,3e4a36ef4c411194,2020-09-06 15:25:10,U1806040401EGFK,596
4106557,2d62acd10828fb48,2020-09-21 11:00:12,U2004020534BLNW,597
2549284,de11cc17ed0d760f,2020-09-12 17:45:02,U18111409206X39,598
4364315,050c2bdd68c1b56d,2020-09-14 11:40:10,U2009020951B87M,599
3839876,48663be2a1765bd6,2020-09-18 07:50:11,U2002160808CIJG,600
4373467,3ddece0b1ff16662,2020-09-05 05:40:11,U2009040723YBA9,601
745095,e31b0593eba0bedc,2020-09-11 22:10:12,U1801080108FUY6,602
4387590,8f79d89097f2cfce,2020-09-11 15:40:05,U2009100853NHOQ,603
4377393,c1a1cd096dfa0e2b,2020-09-14 08:45:10,U2009060424SSXU,604
4391986,12e8731213ba5cec,2020-09-13 10:55:19,U2004161054HNLG,605
171724,f0125e65e22dce89,2020-09-03 20:20:07,U1708230914U81I,606
4369504,33c63758c96d53af,2020-09-12 08:50:15,U2009030834XHL5,607
4375104,d28fe80b96e46b5b,2020-09-20 11:05:08,U2009050641L44B,608
4399304,3b10584e0b78e234,2020-09-20 08:55:09,U2009160133BLSN,609
4259092,9c34e7a452a1e7a0,2020-09-02 12:35:09,85719792551,610
4349955,04a9525188ff29a8,2020-09-09 17:00:18,U2008270514KLTA,611
4389484,9fc787ff3a795113,2020-09-11 11:50:16,U2008250406MKD8,612
4391863,6a4cdd94232398f4,2020-09-14 07:50:03,U2009120745TJHV,613
4394037,021eccc8f8ef462e,2020-09-15 06:55:12,U20091411429CVU,614
3251927,6b68f2397285ecdc,2020-09-10 15:25:05,U1909261239MKZ1,615
4365143,108046303bd96adc,2020-09-09 16:55:22,U2009020125NMYB,616
4344278,46ca180af3f18845,2020-09-03 13:50:17,U2008251249M9WD,617
4384517,9b1446a5e1f8f6f1,2020-09-10 09:15:37,U2009090442GVMY,618
4394154,9ea3046d1b6e6152,2020-09-22 11:15:34,U2009141223QJJ8,619
4357768,35e7274960abdc0c,2020-09-07 19:05:09,U2008301240MBFS,620
4382869,a7bae45006b25850,2020-09-15 21:15:10,U2009081215DE43,621
3378243,f214ed755d4a9519,2020-09-22 10:15:10,U1911050242ISEN,622
4299245,df9e0ba465085b9b,2020-09-06 15:30:17,U2008100701V39P,623
4377145,e9c55f1f77d9f068,2020-09-07 12:20:26,U2009060249UFUD,624
1883914,6dc0d0a7eff65116,2020-09-05 03:50:02,U1807211014LDRU,625
1408939,acf5a9555b635eb9,2020-09-17 13:20:20,U1804100143BSQA,626
4406129,f7c5c269cfc3c1c4,2020-09-20 22:05:08,U2009201214WN6Q,627
4386869,b441f783810d1074,2020-09-10 08:15:17,U2009090821M04K,628
4371300,378de8b04c530d3a,2020-09-04 15:35:36,U2009041243APMM,629
4385933,1fdfbf876a49ec15,2020-09-12 11:35:09,U20090902467V73,630
4328494,e574ec9daf857a0b,2020-09-15 11:35:18,U2008201043FC8H,631
4402087,dcd162121e80e678,2020-09-21 19:05:02,U2009170819CPZ4,632
4369762,68a87f77d12a75e1,2020-09-15 12:55:58,U200903110245ST,633
4372567,15902abf2e73e0b7,2020-09-20 21:30:07,U1808190604WJSF,634
4373266,35e27cd64c025327,2020-09-08 08:50:13,U2009050137JKWD,635
4318770,b2f4c769a48d5e5e,2020-09-15 12:54:36,U2008170754GAXC,636
4377943,62a09950c495320a,2020-09-18 16:45:12,U2009060904M7ZQ,637
4345978,5f338a2c1d8225be,2020-09-15 20:15:10,8819308209,638
4380978,1bf16ec5f3f5387f,2020-09-08 11:35:44,U2009070645NZIC,639
249538,6b47843e5dff1fc6,2020-09-12 11:15:07,U17100311070J1U,640
4407496,d536058e47c4ed69,2020-09-22 17:00:13,U2009210425F2VR,641
4398215,b2579ca0215eedcc,2020-09-22 09:15:19,U2009160213CWIP,642
4162169,ee869f3677e5dd94,2020-09-08 13:00:09,U2004170142Q49Y,643
4362389,e61a0f8a66564c09,2020-09-21 02:40:05,U2009010202MRJR,644
4363560,fc7aed6459eb4df3,2020-09-02 13:40:16,U2009011127X47A,645
4362157,5f99cb5039acc458,2020-09-10 13:05:09,U2009011236TLRP,646
4375322,98ad31888c26d97c,2020-09-15 13:05:21,U2009050854O5PT,647
4403569,a389cb12a0d8a5da,2020-09-19 12:40:24,U2009180844QBAZ,648
1800896,58635041267a3d08,2020-09-15 13:02:51,U1807040622AL5B,649
4374178,d875ccff52f0480c,2020-09-08 13:05:04,U2009051201OJTD,650
4380762,bdf9521689db8947,2020-09-09 09:40:38,U2009070532NBX6,651
4312191,f13a71353c15035d,2020-09-06 07:35:12,U20081512250SIQ,652
4384977,452f0b502929efa7,2020-09-18 19:45:10,U2009091025OW5K,653
3581398,5c024a677789859d,2020-09-05 09:55:23,U1912271204BL8H,654
4271601,a22582edc3d2a945,2020-09-15 12:00:02,U2007230559FCXN,655
4405333,e68c20b8fac8373f,2020-09-22 17:30:04,U200919105934JC,656
4378249,8c64a511ab61c9c9,2020-09-10 13:50:09,U2009071216OGEK,657
4323600,25a6d71e058fb599,2020-09-12 19:15:09,U2008180505A1PK,658
4368440,453b39e8eddda4c5,2020-09-13 13:30:08,U2009030205ZQXH,659
4402018,ceb2aee8d546ac84,2020-09-21 20:35:09,U2009170712AP8G,660
4379223,f4a779b914d029de,2020-09-08 09:55:31,U2009071045INJ7,661
2917391,191acef98cf2516f,2020-09-17 08:55:06,U1902151103VEWQ,662
4385762,349f493569bd348a,2020-09-13 17:25:03,U2009090201UBZ4,663
4323203,8c43e7c4a3abf07a,2020-09-17 19:05:06,U2008180303QZUN,664
4378248,96162f6277bdc094,2020-09-07 09:40:21,U2009071216BK3H,665
4408365,95de2d60a6492f61,2020-09-21 16:00:09,U2009200401KSMG,666
4316811,27bfef7b730a63cf,2020-09-08 08:35:28,85224515178,667
1628581,f30f143b1baf3fa4,2020-09-16 21:15:16,U18052907064031,668
4386541,a73a858c31223528,2020-09-14 14:47:40,U20090906063EDW,669
4209973,9972ae4722658fc1,2020-09-21 16:00:09,U2006070409QPV3,670
4097313,c12613ba35b8ebfd,2020-09-11 12:30:11,89531539058,671
4093312,7e7ac9b1d1688baf,2020-09-21 20:45:17,U2003301025GI8B,672
4340877,297f0a2ebab298d8,2020-09-01 17:30:32,U2008241002NLW7,673
4379902,ed37925e8d859b9d,2020-09-12 11:50:21,U2009070129DSQN,674
4343643,00e4e47887824092,2020-09-08 20:45:09,U2008251017U2HJ,675
4367735,53b49a3b067c9aba,2020-09-10 21:00:29,U2009031031JDRV,676
4363746,e2772dae1c630fd4,2020-09-21 21:45:10,U2009020241N6KS,677
1775116,68533779730ac213,2020-09-11 20:30:04,U1904021229NDVA,678
4205309,fd9ef25cc2d146a1,2020-09-02 02:35:10,U2006021254G80M,679
4396927,62345d5edc6802a5,2020-09-17 08:05:06,U2009150223SFBX,680
4407264,008fad3b6f27f494,2020-09-21 08:55:22,U2009201111XSYM,681
4381629,9b5813047f7f225d,2020-09-08 13:05:08,U2009071117S7YH,682
2049320,ae4b610b16113067,2020-09-02 08:15:23,U1808190742UBKI,683
4336820,701d57f52ba0c553,2020-09-08 16:45:14,U2008230846FPIJ,684
4294193,6887be12cf88badd,2020-09-20 16:45:11,U20080705113QIY,685
4347880,191655c748adab77,2020-09-14 10:50:17,U2008261243ZOQU,686
3538372,ee298fb7e4f3e575,2020-09-18 11:25:17,U1912160632V5C4,687
4269858,5fcaa0863d04bf06,2020-09-05 14:25:18,U2007221247BJWM,688
4350730,a716c2ffe48c50d5,2020-09-09 08:10:12,U20082712222RFI,689
1962866,edd6c4c2c0ad170b,2020-09-11 10:20:17,U1808040318RDEK,690
4183210,6d0fab48d1bae8cd,2020-09-13 20:20:05,U20050209334YYA,691
4383976,9a158de2579491f3,2020-09-10 06:35:14,U2009080750YQQX,692
4388398,3b1d4eab0cbe4c59,2020-09-11 10:20:34,U2009100324GK2O,693
3842278,078fded76079bac5,2020-09-11 16:10:15,U2002160302AFWC,694
4372446,9f61ad020de4431c,2020-09-07 05:10:03,U2009040651QSSX,695
4407308,e55fc4dafe3b90b5,2020-09-21 10:00:19,U20092011412RRA,696
4362706,15bd63b375c4afd4,2020-09-01 19:10:06,U2009010400MAEX,697
4058756,145e4abcf12a15ca,2020-09-12 20:00:04,U20032311265YEB,698
4390000,baa2e562697fd101,2020-09-14 09:30:10,U2009110241OTHY,699
4119536,984495475ccb8c53,2020-09-15 14:55:05,081287652535,700
4227100,edda0c3ce5c80431,2020-09-18 15:15:12,U2006251113N4VG,701
4384353,8d5e7cff8b5f8ef2,2020-09-09 08:55:31,U2009091210JEQO,702
4350731,201304c06daa1ae2,2020-09-21 18:10:06,U2008271222BUUN,703
4381763,92fb40ced48c55d1,2020-09-08 15:50:12,U2009081231XF8Q,704
4331766,0019dc6bed986384,2020-09-14 10:35:11,U2008211202WFIF,705
4403692,5c442dae3587d1f5,2020-09-19 12:45:04,U2009181108HX5V,706
4402612,c36a6239f3be7d58,2020-09-19 13:15:08,U2009180950CGFK,707
4364956,54cfab3511f4525c,2020-09-13 15:55:22,U2009021238ONXF,708
4325085,bd00f01cdb05db0c,2020-09-07 10:05:12,U2008190848IQB5,709
4378626,ef3cba45fbea97e7,2020-09-10 08:30:21,U2009070701VGAS,710
3722720,5de2799a03389a9b,2020-09-16 13:55:14,U2001240556KICI,711
3887698,bf2b58f32d7cb816,2020-09-19 16:05:07,85777073639,712
4397787,0d4d4b65d3950563,2020-09-19 09:55:02,U20091508378EYX,713
4403715,0fc7fe1b526548f2,2020-09-21 10:45:24,U2009181140OV6J,714
4327752,8be0e20a0bc68125,2020-09-14 09:55:23,U2008200204WEND,715
4381069,9b5426c300611025,2020-09-10 12:10:15,U2009070717OXXA,716
4409381,9b973e825217538e,2020-09-22 18:30:14,U2009210956M1IO,717
3895378,4664960ea5a37ae1,2020-09-03 18:05:16,U200224032914FW,718
4390975,b4d2a5afe5035c57,2020-09-13 15:50:03,U2009120930CJTY,719
4392164,cb4c2d3c20f646b1,2020-09-13 17:20:09,U2009130117GECW,720
4189676,14c95710b9a21fcb,2020-09-01 10:05:49,U2005101107O4CT,721
4261238,9fd43920f48def4f,2020-09-16 15:40:02,U2007170433NTRO,722
4390356,b83d7ae9bd193ba,2020-09-14 09:55:21,U2009110741WETF,723
4152493,224f5c00d6e1461e,2020-09-10 16:00:06,U2004140304VM0Z,724
4370565,21a48f2e33d6f7ef,2020-09-04 21:50:13,U2009040839EXXM,725
4387198,06e0db9f860065f9,2020-09-11 11:15:53,U2009101220WEY1,726
4273072,3ed5e85074d60b5a,2020-09-08 16:45:25,U20072409436A6M,727
4398831,1647e8dd017af2ca,2020-09-18 10:00:15,U2009161055LV9E,728
4313738,5b189e4a633dadec,2020-09-09 08:55:15,U2008151226UGDN,729
4375042,7128c69b4f3bf7c0,2020-09-06 13:00:09,U2009050559EZTG,730
4386346,177210a80ed91dde,2020-09-11 11:15:42,U2009090452JGLN,731
4345341,79e61ef8f073576e,2020-09-04 10:25:15,U20082504475JHO,732
4409082,8972d424d3fc0512,2020-09-22 09:10:09,U20092106189XTV,733
4194233,79de3e19b2d904fc,2020-09-01 10:30:35,U2005140909DCQ0,734
4387840,b03790093d6a3082,2020-09-12 08:55:15,U2009101115M94A,735
4297341,d878b64968a368b4,2020-09-14 10:00:21,U2008090144T6WI,736
4320176,6bbd631e79bf6c2b,2020-09-03 09:35:44,U2008170314BLGF,737
4289267,db7b27f0bde184f0,2020-09-15 18:05:22,U2008050911MGXO,738
4360151,a83fc32dc4d65880,2020-09-01 06:30:13,U2008310225GDU5,739
4332634,bfcfde069a02dc4a,2020-09-20 16:05:17,U2008210421FQ3B,740
198489,8836a607fb284ac1,2020-09-14 15:30:14,U1709111135P8JB,741
4397096,f8c7ea20ac7d9131,2020-09-16 18:20:17,U2009150326M2XX,742
2896827,b292f76094d84fbe,2020-09-07 10:30:20,U1902100814VCEC,743
4373553,becd06d05f996912,2020-09-10 14:15:05,U2009050709IYMC,744
4308145,469c2de7c768b1f5,2020-09-10 07:45:15,081958963587,745
4400396,6651b1c29fa36256,2020-09-18 20:35:09,U2009160933NVIB,746
4397053,64db3871ee2809e6,2020-09-16 15:05:22,U2009150313ITBU,747
4166305,0bdc9c8b51c524c5,2020-09-09 18:15:22,U2004190738WFDF,748
1868781,cff7d88d26cbf1d0,2020-09-01 11:35:34,U1807181233RE4L,749
4403691,f576f1881c204a42,2020-09-19 17:30:03,U2009181107C1HL,750
391022,2c2ace63afe6a900,2020-09-08 12:25:12,08176554432,751
4347658,5652c6a7fee78974,2020-09-09 16:55:12,U2008261145RDH4,752
4099795,902a01ad664b70be,2020-09-13 10:50:18,U2004011044X7OQ,753
4290950,3dde5b1d7de5fd87,2020-09-17 19:45:07,085383511199,754
4283716,a9d34090d510e9b6,2020-09-11 09:15:04,U2007310717GJMA,755
4399015,8e12a70bc1c4c666,2020-09-21 11:15:28,U2009161153LDKQ,756
4379246,c9eb2b4da6e6d12c,2020-09-09 13:40:10,U2009071051KGLH,757
4381345,890ef972edfcb224,2020-09-15 13:03:55,U2009070852KKNY,758
4357685,04323a053b97cbbb,2020-09-18 13:45:22,U2008301203ALEQ,759
4378295,be8bc689664c96e3,2020-09-07 10:45:25,U2009071245LGP3,760
4405407,2cf59ed8a9f68431,2020-09-21 15:00:20,U2009201213CWRU,761
4395554,8389299bc7c362bd,2020-09-21 10:35:12,U2009150528OM0V,762
4387059,28b63d8bb8d717e4,2020-09-13 12:45:17,U2009090958GGGV,763
4377293,7fa5caa63b34066b,2020-09-07 13:20:26,U2009060346YWL6,764
3887698,bf2b58f32d7cb816,2020-09-19 16:05:07,U2002231046LT3N,765
1853257,e90b0a1f627d529d,2020-09-17 18:40:18,U1807140252NLFB,766
4392148,bdf957c97afd36f9,2020-09-17 09:05:19,U2009131254NGDJ,767
1330113,63539ba9248c22c9,2020-09-16 07:50:05,U1803200611PJO1,768
4406170,e64cc4c18298c6f1,2020-09-21 11:45:04,U2009191129HTTD,769
2230278,f529a64c83047659,2020-09-16 15:30:12,U18092112198TGT,770
4349091,8cc14cc9fc8f222b,2020-09-04 10:10:46,U2008260700CZI1,771
4139435,371c6b2c77cba70b,2020-09-19 18:05:02,U2004100343T7G4,772
4353454,cf36da307ea1746a,2020-09-12 09:15:02,U2008281132J7AI,773
4372953,e05ac492e86c28a0,2020-09-09 16:15:19,U2009041038MDQV,774
4380175,1b510919a9dfd311,2020-09-08 09:15:23,U20090702430O60,775
4303034,72869cfa8abbba0e,2020-09-08 12:05:11,U2008110827QC1Y,776
4398153,302e1f8e6a01facb,2020-09-16 09:20:11,U2003140449ZNET,777
4409689,e8754704d6d44838,2020-09-22 14:20:18,U2009220519ZGCD,778
4384397,eb80f81d1c2cbeec,2020-09-11 17:00:14,U2009090121QDMG,779
4402109,473dcfed6e4e8ed5,2020-09-22 06:35:07,U2009170859XEOY,780
4348582,6a8185213ffbda2d,2020-09-19 17:55:13,U2008260347NZNV,781
4344643,4a6a3a51b0e9e379,2020-09-04 16:15:10,U2008250205EPJS,782
4358008,5d51e1b62772c8ba,2020-09-14 20:25:07,U2008300213PIWR,783
4153597,ab2130b4d4be9656,2020-09-22 19:50:09,U2004140833WZIR,784
4362111,58977b0b23c8da17,2020-09-10 06:55:03,U20090112195G82,785
4039909,ad6227cb0b90b209,2020-09-07 16:35:10,U2003201143C5EB,786
4369235,67755d7bbfb829dc,2020-09-18 12:30:08,U2009030626KVWT,787
4114436,fb948178c6189e33,2020-09-11 14:25:36,U20040409445UHJ,788
4262065,d2fefd27f288b938,2020-09-09 09:40:49,089603510878,789
4373034,f9a0ab5f857012df,2020-09-18 21:20:05,U2009041117VVEQ,790
4407484,46a23fa7df180552,2020-09-23 07:25:07,U2009210403DFRF,791
4306883,fa9ef7bb3d986dcc,2020-09-12 14:35:05,U2008130210L51C,792
4381888,90c66126de4793fc,2020-09-09 18:15:11,U2009080158D1RW,793
4395606,bc662b741a7329ed,2020-09-15 11:05:28,U2009150618R0BE,794
4345978,5f338a2c1d8225be,2020-09-15 20:15:10,U2008250816Q4TH,795
4394333,db8e3c3645db4e77,2020-09-17 07:30:13,U2009140129KL1W,796
3973623,9ea4d76b36dde443,2020-09-17 07:30:10,081218006918,797
4376385,7091730fed4ed164,2020-09-07 10:40:32,U2009061045OJNY,798
4232730,3cc0e3a538cd3f34,2020-09-04 08:45:21,U2006301033VTAX,799
4366158,c7765db4fd3aa524,2020-09-03 07:45:19,U2009020749LLXM,800
4387756,84b188d685c9658e,2020-09-14 09:05:44,U2009101025MVIU,801
4407092,3df70d03b851d80c,2020-09-21 06:50:08,U2009200850YC4E,802
4376257,f107c2ce1aa4245d,2020-09-14 11:00:09,U2009061000J0OV,803
4319618,5a5432f815557796,2020-09-03 09:30:20,U2008171228AKX8,804
2582462,0c8a0e922a2de5ab,2020-09-12 16:25:09,U1811181045ACI8,805
4352093,9b65095af2582fb8,2020-09-02 17:50:09,U2008270738J9NI,806
4369497,46555d73c9dd1e5f,2020-09-07 11:55:10,U20090308303PPT,807
4339629,05eba50ae5c31b32,2020-09-01 17:45:41,U20082309035C9W,808
4211394,304123b2ecd2a636,2020-09-10 16:35:56,U20060903075Z1W,809
4387833,7c07365831a76212,2020-09-21 09:45:09,U2009101111BUSX,810
4378257,05e1164f32562861,2020-09-18 14:45:13,U2009071222OYAV,811
3614195,29a168fbee008063,2020-09-02 13:35:27,U2001040424NJLZ,812
4359872,d7d3193cd4796b76,2020-09-17 13:40:08,U2008311238CKW8,813
4351400,785c09d3114982dc,2020-09-09 06:50:10,U20082703182WSR,814
4358846,b129b19669dce1e7,2020-09-21 09:05:11,U2008301044V5MJ,815
4370230,c125ddc3da196314,2020-09-05 01:00:29,U2009040551Z2RI,816
4359738,b92cc9e31fcc8a8b,2020-09-15 09:20:13,U2008311145MWNF,817
4381375,e93235649535bdae,2020-09-08 14:10:12,U2009070905FTIM,818
4349201,7239fe6feca7169c,2020-09-11 13:10:13,U2008260748ADSW,819
3780515,de3c6f7429584ada,2020-09-07 10:15:23,U2002051040ZS5H,820
4406897,6e1f1888b2f2e640,2020-09-22 11:55:05,U2009200639RRD0,821
4292666,c2b30e58884a1a9b,2020-09-14 22:05:12,U2004150952O7JO,822
4245534,6b03cd0fd2eef8af,2020-09-19 13:00:04,U20070704197LOW,823
3343467,3228d2106bf5b0b9,2020-09-21 15:20:13,U1910260337ZSOT,824
4380545,48336e99347dbee6,2020-09-08 16:10:09,U2009070428HCA5,825
2144249,9f5a706991a45b6,2020-09-10 11:50:23,U180907121576TX,826
4372567,15902abf2e73e0b7,2020-09-20 21:30:07,U2009040743FFSR,827
